Div;Date;HomeTeam;AwayTeam;FTHG;FTAG;FTR;HTHG;HTAG;HTR;B365H;B365D;B365A;GBH;GBD;GBA;IWH;IWD;IWA;LBH;LBD;LBA;SOH;SOD;SOA;SBH;SBD;SBA;WHH;WHD;WHA;GB>2.5;GB<2.5;B365>2.5;B365<2.5
D1;9-8-2002;Dortmund;Hertha;2;2;D;2;1;H;;;;;;;;;;;;;;;;;;;1.72;3.2;4.33;1.75;1.98;;
D1;10-8-2002;Cottbus;Leverkusen;1;1;D;0;0;D;3;3.2;2.1;3.29;3.21;2.2;3.1;3;2.1;3;3.4;2;2.88;3.2;2.2;3;3.1;2.2;3.3;3.1;2;1.7;1.96;;
D1;10-8-2002;M'gladbach;Bayern Munich;0;0;D;0;0;D;4;3.5;1.727;4.2;3.5;1.86;4;3.2;1.75;3.5;3.4;1.833;3.6;3.2;1.91;4.333;3.25;1.727;3.8;3.2;1.83;1.82;1.94;;
D1;10-8-2002;Nurnberg;Bochum;1;3;A;0;2;A;1.909;3.25;3.4;1.95;3.23;3.7;1.9;3.1;3.5;2;3.4;3;1.91;3.2;3.6;1.909;3.25;3.6;1.83;3;4;1.72;1.92;;
D1;10-8-2002;Schalke 04;Wolfsburg;1;0;H;0;0;D;1.571;3.5;5;1.68;3.46;5.37;1.6;3.4;4.6;1.571;3.5;5;1.53;3.5;5.5;1.571;3.5;5.5;1.57;3.25;5.5;1.65;1.95;;
D1;10-8-2002;Stuttgart;Kaiserslautern;1;1;D;1;0;H;2.1;3.2;3;2.05;3.21;3.21;2;3.1;3.2;2.1;3.2;3;2.1;3.25;3;2.05;3.2;3.2;2.1;3;3.2;1.8;1.91;;
D1;11-8-2002;Bielefeld;Werder Bremen;3;0;H;1;0;H;2.625;3.2;2.3;2.63;3.16;2.6;2.5;3;2.5;2.6;3.2;2.375;;;;2.6;3.1;2.5;2.5;3.1;2.5;1.82;1.95;;
D1;11-8-2002;Hamburg;Hannover;2;1;H;0;1;A;1.667;3.4;4.333;1.92;3.3;3.8;1.8;3.1;3.8;1.727;3.4;4;1.73;3.25;4.33;1.727;3.3;4.5;1.66;3.3;4.5;1.7;2.1;;
D1;14-8-2002;Munich 1860;Hansa Rostock;0;2;A;0;1;A;1.727;3.2;4.333;1.76;3.31;4.61;1.75;3.2;4;1.727;3.4;4;1.66;3.4;4.5;1.727;3.3;4.5;1.66;3.3;4.5;1.69;1.95;;
D1;17-8-2002;Bayern Munich;Bielefeld;6;2;H;3;0;H;1.222;5;9;1.24;5.15;10.75;1.25;4.5;9;1.25;4.5;10;1.22;5;10;1.222;5;11;1.22;5;9.5;1.57;2.12;;
D1;17-8-2002;Bochum;Cottbus;5;0;H;3;0;H;1.833;3.2;3.75;1.9;3.3;3.85;1.9;3.1;3.5;1.8;3.2;4;1.8;3.2;4;1.909;3.2;3.75;1.8;3.3;3.75;1.67;1.97;;
D1;17-8-2002;Hannover;Munich 1860;1;3;A;1;2;A;2.1;3.2;3;1.95;3.3;3.15;2;3.1;3.2;2;3.2;3.2;2.1;3.25;3;2.1;3.2;3.2;2;3.1;3.3;1.67;1.97;;
D1;17-8-2002;Hansa Rostock;Nurnberg;2;0;H;1;0;H;1.833;3.2;3.75;1.7;3.36;4.01;1.75;3.2;4;1.667;3.25;4.5;1.73;3.25;4.33;1.8;3.25;4.2;1.72;3.25;4.2;1.77;1.87;;
D1;17-8-2002;Hertha;Stuttgart;1;1;D;0;1;A;1.615;3.5;4.5;1.5;3.4;5.25;1.55;3.5;4.8;1.571;3.5;5;1.53;3.5;5.5;1.615;3.5;5;1.57;3.5;5;1.67;1.98;;
D1;17-8-2002;Kaiserslautern;Schalke 04;1;3;A;1;0;H;2.25;3.2;2.75;2.3;3.15;2.87;2.1;3;3.1;2.25;3.2;2.75;2.2;3.25;2.8;2.3;3.1;2.875;2.1;3;3.2;1.77;1.87;;
D1;17-8-2002;Leverkusen;Dortmund;1;1;D;1;0;H;2.1;3;3.2;2.16;3.18;3.2;2.1;3;3.1;2.1;3.2;3;2;3.2;3.3;2.1;3.1;3.2;2.1;3;3.2;1.77;1.87;;
D1;18-8-2002;Werder Bremen;Hamburg;2;1;H;1;1;D;2.1;3;3.2;2.1;3.2;3.31;2.2;3;2.9;1.909;3.25;3.4;2;3.2;3.3;2.1;3.2;3.25;2.1;3;3.2;1.6;2.07;;
D1;18-8-2002;Wolfsburg;M'gladbach;1;0;H;0;0;D;1.833;3.2;3.75;1.8;3.3;3.96;1.8;3.1;3.8;1.8;3.25;3.75;1.73;3.25;4.33;1.8;3.2;4.333;1.8;3.1;4;1.72;1.93;;
D1;24-8-2002;Bielefeld;Wolfsburg;1;0;H;1;0;H;2.3;3.2;2.625;2.41;3.2;2.9;2.3;3;2.7;2.25;3.2;2.75;2.3;3.2;2.7;2.3;3.2;2.8;2.4;3.1;2.6;1.67;1.95;;
D1;24-8-2002;Cottbus;Hansa Rostock;0;4;A;0;2;A;2.2;3;3;2.21;3.25;3.25;2.1;3;3.1;2.2;3;3;2;3.25;3.25;2.2;3.1;3.1;2.25;3;2.87;1.75;1.85;;
D1;24-8-2002;Dortmund;Stuttgart;3;1;H;1;0;H;1.5;3.4;6;1.49;3.7;6.8;1.5;3.7;5;1.5;3.4;6;1.5;3.5;6;1.5;3.5;6.5;1.44;3.6;6.5;1.65;1.95;;
D1;24-8-2002;Hamburg;Bayern Munich;0;3;A;0;1;A;3.5;3.2;1.909;3.6;3.3;1.93;3.5;3.1;1.9;3.5;3.2;1.909;3.5;3.25;1.91;3.6;3.3;1.909;3.6;3.1;1.9;1.77;1.9;;
D1;24-8-2002;Leverkusen;Bochum;2;4;A;1;3;A;1.444;3.6;6.5;1.41;4.35;7.5;1.4;3.9;6;1.4;3.75;7;1.4;3.75;7.5;1.444;3.75;7;1.36;4;7;1.55;2.25;;
D1;24-8-2002;M'gladbach;Kaiserslautern;3;0;H;2;0;H;2.375;3.1;2.625;2.29;3.2;2.85;2.2;3;2.9;2.25;3.2;2.75;2.25;3.2;2.8;2.25;3.2;2.9;2.3;3;2.8;1.7;1.9;;
D1;24-8-2002;Munich 1860;Werder Bremen;3;0;H;1;0;H;2.2;3.2;2.8;2.12;3.21;3.25;2.1;3;3.1;2.2;3.25;2.75;2.2;3.25;2.8;2.1;3.2;3.2;2;3.1;3.3;1.65;1.97;;
D1;25-8-2002;Nurnberg;Hannover;3;1;H;2;0;H;2;3.2;3.2;2.06;3.25;3.6;2.1;3;3.1;2.1;3.2;3;2.1;3.25;3;2;3.2;3.4;2;3.2;3.2;1.74;1.95;;
D1;25-8-2002;Schalke 04;Hertha;0;0;D;0;0;D;2;3.2;3.2;2;3.2;3.6;1.9;3.1;3.5;1.909;3.2;3.5;1.91;3.25;3.5;2;3.2;3.4;1.83;3.2;3.75;1.65;2.05;;
D1;10-9-2002;Bayern Munich;Munich 1860;3;1;H;1;1;D;1.444;3.6;6.5;1.45;3.75;6.75;1.5;3.7;5;1.444;3.6;6.5;1.44;3.6;7;1.444;3.6;7.5;1.44;3.5;7;1.54;2.22;;
D1;10-9-2002;Bochum;Dortmund;0;0;D;0;0;D;2.875;3;2.25;3.31;3.04;2.38;2.9;3;2.2;2.625;3.4;2.25;2.88;3.1;2.2;3;3.1;2.25;2.75;3.1;2.3;1.69;1.98;;
D1;10-9-2002;Hertha;M'gladbach;1;2;A;0;1;A;1.5;3.4;6;1.57;3.6;6.25;1.55;3.5;4.8;1.571;3.5;5;1.53;3.5;5.5;1.533;3.5;6;1.57;3.3;5.5;1.63;2.1;;
D1;10-9-2002;Werder Bremen;Nurnberg;4;1;H;1;0;H;1.615;3.25;5;1.64;3.4;5.4;1.55;3.5;4.8;1.533;3.5;5.5;1.62;3.4;5;1.615;3.5;5;1.61;3.3;5;1.67;1.97;;
D1;11-9-2002;Hannover;Cottbus;1;3;A;1;1;D;1.727;3.2;4.333;1.83;3.4;4.25;1.8;3.1;3.8;1.8;3.2;4;1.83;3.25;3.75;1.727;3.25;4.5;1.83;3;4;1.68;2;;
D1;11-9-2002;Hansa Rostock;Leverkusen;1;3;A;0;2;A;2.625;3.1;2.375;2.7;3.1;2.45;2.7;3;2.3;2.5;3.25;2.4;2.7;3.1;2.38;2.7;3.1;2.4;2.6;3.1;2.4;1.7;1.96;;
D1;11-9-2002;Kaiserslautern;Bielefeld;1;1;D;0;0;D;1.571;3.25;5.5;1.61;3.5;5.25;1.5;3.7;5;1.571;3.5;5;1.62;3.4;5;1.533;3.75;5.5;1.57;3.3;5.5;1.67;2.05;;
D1;11-9-2002;Stuttgart;Schalke 04;1;1;D;1;0;H;2.5;3.1;2.5;2.54;3.05;2.73;2.5;3;2.5;2.375;3.2;2.6;2.5;3.2;2.5;2.3;3.25;2.7;2.5;3.1;2.5;1.7;1.95;;
D1;11-9-2002;Wolfsburg;Hamburg;2;1;H;0;0;D;2;3.2;3.2;1.96;3.3;3.5;2;3.1;3.2;1.909;3.2;3.5;2;3;3.5;1.95;3.1;3.6;2;3.1;3.3;1.82;1.95;;
D1;14-9-2002;Bielefeld;Hertha;0;1;A;0;0;D;2.625;3.1;2.375;2.7;3.3;2.45;2.5;3;2.5;2.5;3.25;2.4;2.5;3.2;2.5;2.5;3.25;2.5;2.5;3.1;2.5;1.8;1.9;;
D1;14-9-2002;Cottbus;Werder Bremen;0;1;A;0;0;D;2.5;3.1;2.5;2.6;3.2;2.53;2.4;3;2.6;2.5;3.25;2.4;2.5;3.2;2.5;2.5;3.25;2.5;2.6;3.1;2.4;1.65;2.05;;
D1;14-9-2002;Dortmund;Schalke 04;1;1;D;0;0;D;1.909;3;3.75;1.9;3.33;3.9;1.85;3.1;3.6;1.833;3.4;3.5;1.91;3.2;3.6;1.909;3.2;3.75;1.9;3;3.75;1.85;1.8;;
D1;14-9-2002;Leverkusen;Hannover;1;3;A;1;1;D;1.333;4;8;1.3;4.5;10;1.35;4;7;1.25;4.5;10;1.29;4.33;10;1.3;4.333;9.5;1.3;4.2;8.5;1.65;2.1;;
D1;14-9-2002;M'gladbach;Stuttgart;1;1;D;0;0;D;2;3.2;3.2;2.15;3.25;3.3;2;3.1;3.2;2;3.2;3.2;2;3.25;3.25;2;3.2;3.4;2;3.2;3.2;1.8;1.85;;
D1;14-9-2002;Munich 1860;Wolfsburg;2;2;D;0;0;D;1.909;3.2;3.5;1.95;3.2;3.6;2.1;3;3.1;1.8;3.25;3.75;1.91;3.25;3.5;1.909;3.2;3.75;1.83;3.3;3.6;1.7;2.05;;
D1;14-9-2002;Nurnberg;Bayern Munich;1;2;A;1;1;D;4.5;3.25;1.667;5;3.5;1.67;4.6;3.4;1.6;5;3.25;1.615;5;3.4;1.62;5;3.5;1.615;4.5;3.3;1.66;1.65;2.05;;
D1;15-9-2002;Bochum;Hansa Rostock;0;1;A;0;1;A;1.833;3.2;3.75;1.9;3.2;3.86;1.9;3.1;3.5;1.833;3.4;3.5;1.83;3.25;3.75;1.833;3.25;4;1.83;3.2;3.75;1.75;1.96;;
D1;15-9-2002;Hamburg;Kaiserslautern;2;0;H;0;0;D;2.1;3.2;3;2.12;3.2;3.3;2;3.1;3.2;2;3.4;3;2;3.25;3.25;2;3.2;3.4;2;3.1;3.3;1.7;2.05;;
D1;21-9-2002;Bayern Munich;Cottbus;3;1;H;1;1;D;1.2;5;11;1.2;5.35;12.1;1.2;5;10;;;;1.17;6;10;1.167;6;13;1.2;5;11;1.5;2.25;;
D1;21-9-2002;Hannover;Bochum;2;2;D;1;1;D;2.25;3.2;2.75;2.25;3.15;2.95;2.1;3;3.1;;;;2.2;3.2;2.88;2.25;3.2;2.875;2.2;3.2;2.8;1.65;2.06;;
D1;21-9-2002;Hansa Rostock;Dortmund;0;1;A;0;1;A;2.625;3.2;2.3;2.83;3.17;2.35;2.7;3;2.3;;;;2.63;3.2;2.38;2.7;3.2;2.375;2.7;3;2.37;1.9;1.85;;
D1;21-9-2002;Hertha;Hamburg;2;0;H;0;0;D;1.727;3.2;4.333;1.8;3.35;4.7;1.7;3.2;4.2;;;;1.73;3.25;4.33;1.75;3.25;4.333;1.66;3.3;4.5;1.63;2.05;;
D1;21-9-2002;Kaiserslautern;Munich 1860;0;0;D;0;0;D;2;3;3.4;2.02;3.25;3.6;1.9;3.1;3.5;;;;2;3.25;3.25;2.05;3.25;3.25;2;3.1;3.3;1.72;2.05;;
D1;21-9-2002;Werder Bremen;Leverkusen;3;2;H;3;2;H;2.1;3.2;3;2.17;3.3;3.1;2.1;3;3.1;;;;2.2;3.2;2.88;2.2;3.25;2.875;2.3;3.1;2.75;1.65;2.2;;
D1;21-9-2002;Wolfsburg;Nurnberg;0;2;A;0;0;D;1.615;3.25;5;1.62;3.5;5.63;1.55;3.5;4.8;;;;1.62;3.4;5;1.571;3.5;5.5;1.57;3.5;5;1.7;2;;
D1;22-9-2002;Schalke 04;M'gladbach;2;1;H;2;1;H;1.615;3.25;5;1.6;3.45;6;1.6;3.4;4.6;;;;1.57;3.4;5.5;1.6;3.4;5.5;1.57;3.5;5;1.85;1.87;;
D1;22-9-2002;Stuttgart;Bielefeld;3;0;H;1;0;H;1.667;3.25;4.5;1.7;3.4;4.7;1.7;3.2;4.2;;;;1.67;3.4;4.5;1.667;3.3;4.75;1.66;3.3;4.5;1.82;1.9;;
D1;28-9-2002;Bielefeld;Schalke 04;2;1;H;1;1;D;2.75;3.2;2.25;2.9;3.25;2.2;2.9;3;2.2;2.8;3.2;2.2;2.88;3.2;2.2;2.88;3.2;2.25;2.9;3.1;2.2;1.75;1.85;;
D1;28-9-2002;Cottbus;Wolfsburg;0;1;A;0;0;D;2.3;3.2;2.625;2.3;3.25;2.75;2.3;3;2.7;2.38;3.2;2.6;2.25;3.25;2.75;2.3;3.25;2.75;2.3;3.1;2.75;1.8;1.8;;
D1;28-9-2002;Dortmund;M'gladbach;1;0;H;0;0;D;1.4;3.75;7;1.51;3.75;7;1.5;3.7;5;1.5;3.4;6;1.5;3.5;6;1.5;3.5;6.5;1.44;3.5;7;1.7;1.9;;
D1;28-9-2002;Hamburg;Stuttgart;3;2;H;2;2;D;2;3.2;3.2;2.03;3.3;3.5;2;3.1;3.2;2;3.2;3.2;2;3.2;3.3;2;3.2;3.4;2;3.1;3.3;1.7;1.9;;
D1;28-9-2002;Hansa Rostock;Hannover;1;2;A;1;2;A;1.727;3.2;4.333;1.81;3.3;4.4;1.85;3.1;3.6;1.73;3.4;4;1.67;3.4;4.33;1.75;3.3;4.33;1.72;3.25;4.2;1.7;1.9;;
D1;28-9-2002;Leverkusen;Bayern Munich;2;1;H;1;0;H;3;3.2;2.1;3.3;3.2;2.25;3.1;3.2;2;3;3;2.2;3;3.25;2.1;3.1;3.25;2.1;3.2;3;2.1;1.65;1.95;;
D1;28-9-2002;Munich 1860;Hertha;1;0;H;1;0;H;2.375;3.1;2.625;2.4;3.3;2.63;2.4;3;2.6;2.38;3.2;2.6;2.38;3.2;2.63;2.4;3.25;2.63;2.3;3.25;2.62;1.75;1.85;;
D1;29-9-2002;Bochum;Werder Bremen;1;4;A;1;2;A;2.375;3.1;2.625;2.5;3.25;2.82;2.2;3;2.9;2.38;3.2;2.6;2.25;3.25;2.75;2.3;3.25;2.75;2.3;3.1;2.75;1.75;2.01;;
D1;29-9-2002;Nurnberg;Kaiserslautern;1;0;H;0;0;D;2.2;3.25;2.75;2.33;3.27;3.01;2.3;3;2.7;2.2;3.2;2.8;2.25;3.25;2.75;2.25;3.25;2.8;2.2;3.2;2.8;1.7;1.92;;
D1;5-10-2002;Bayern Munich;Bochum;4;1;H;2;0;H;1.286;4.5;8;1.29;4.75;9.5;1.25;4.5;9;1.25;4.5;10;1.29;4.5;8.5;1.286;4.5;9.5;1.25;4.5;10;1.47;2.4;;
D1;5-10-2002;Hannover;Dortmund;0;3;A;0;1;A;3.2;3.2;2;3.21;3.3;2.07;3.2;3.1;2;3;3.2;2.1;3.2;3.1;2.1;3.6;3.2;1.909;3.3;3.1;2;1.7;1.95;;
D1;5-10-2002;Hertha;Nurnberg;2;1;H;0;1;A;1.571;3.5;5;1.56;3.6;5.65;1.5;3.7;5;1.57;3.5;5;1.53;3.5;5.5;1.533;3.5;6;1.53;3.4;5.5;1.7;1.95;;
D1;5-10-2002;Kaiserslautern;Cottbus;4;0;H;1;0;H;1.667;3.25;4.5;1.65;3.4;5;1.5;3.7;5;1.73;3.4;4;1.67;3.4;4.5;1.571;3.4;5.5;1.66;3.3;4.5;1.7;1.95;;
D1;5-10-2002;M'gladbach;Bielefeld;3;0;H;2;0;H;1.8;3.25;3.75;1.76;3.3;4.4;1.7;3.2;4.2;1.73;3.2;4.33;1.73;3.25;4.33;1.7;3.3;4.5;1.72;3.25;4.2;1.7;1.95;;
D1;5-10-2002;Schalke 04;Hamburg;3;0;H;3;0;H;1.571;3.5;5;1.56;3.6;5.65;1.6;3.4;4.6;1.53;3.5;5.5;1.57;3.5;5;1.571;3.5;5.5;1.57;3.3;5.5;1.65;2;;
D1;5-10-2002;Wolfsburg;Leverkusen;2;0;H;1;0;H;2.375;3.1;2.625;2.52;3.25;2.7;2.3;3;2.7;2.38;3.2;2.6;2.5;3.2;2.5;2.5;3.25;2.5;2.6;3.1;2.4;1.65;2;;
D1;6-10-2002;Stuttgart;Munich 1860;4;1;H;0;1;A;2;3.2;3.2;1.97;3.3;3.65;2;3.1;3.2;1.91;3.2;3.5;2;3.2;3.3;2;3.2;3.4;2;3.1;3.3;1.7;1.9;;
D1;6-10-2002;Werder Bremen;Hansa Rostock;0;0;D;0;0;D;1.615;3.25;5;1.68;3.4;5;1.65;3.3;4.4;1.57;3.5;5;1.67;3.4;4.5;1.571;3.4;5.5;1.57;3.5;5;1.65;1.95;;
D1;19-10-2002;Cottbus;Hertha;0;2;A;0;2;A;3;3.2;2.1;3.25;3.15;2.1;3;3.1;2.1;3.2;3.2;2;3.2;3.25;2.05;3.2;3.25;2.05;3;3;2.2;1.7;1.95;;
D1;19-10-2002;Dortmund;Bielefeld;0;0;D;0;0;D;1.3;4.333;8;1.31;4.6;8.5;1.25;4.5;9;1.29;4.33;9;1.3;4.33;8.5;1.3;4.5;9;1.3;4.2;8.5;1.55;2.2;;
D1;19-10-2002;Hamburg;M'gladbach;1;0;H;0;0;D;2;3.2;3.2;1.96;3.2;3.75;2.1;3;3.1;1.91;3.2;3.5;1.91;3.25;3.6;1.909;3.25;3.6;1.9;3.2;3.5;1.65;1.97;;
D1;19-10-2002;Hannover;Werder Bremen;4;4;D;2;1;H;2.75;3.2;2.25;2.92;3.26;2.25;2.6;3;2.4;2.8;3.2;2.2;2.75;3.25;2.25;2.8;3.25;2.25;3;3;2.2;1.65;2.02;;
D1;19-10-2002;Hansa Rostock;Bayern Munich;0;1;A;0;0;D;3.75;3.3;1.8;4.55;3.41;1.77;3.8;3.1;1.8;3.75;3.25;1.8;4;3.25;1.8;4;3.3;1.8;3.75;3.2;1.83;1.7;1.95;;
D1;19-10-2002;Leverkusen;Kaiserslautern;1;0;H;1;0;H;1.615;3.25;5;1.62;3.56;5.2;1.6;3.4;4.6;1.57;3.5;5;1.57;3.4;5.5;1.571;3.5;5.5;1.57;3.3;5.5;1.62;2.22;;
D1;19-10-2002;Munich 1860;Schalke 04;3;0;H;0;0;D;2.5;3.1;2.5;2.61;3.1;2.55;2.4;3;2.6;2.38;3.2;2.6;2.5;3.1;2.6;2.5;3.1;2.6;2.37;3.1;2.62;1.68;2;;
D1;20-10-2002;Bochum;Wolfsburg;4;2;H;1;2;A;2.3;3.2;2.625;2.45;3.15;2.77;2.2;3;2.9;2.38;3.2;2.6;2.38;3.2;2.62;2.375;3.2;2.7;2.3;3.25;2.62;1.75;1.94;;
D1;20-10-2002;Nurnberg;Stuttgart;1;2;A;1;0;H;2.25;3.2;2.75;2.37;3.15;2.8;2.3;3;2.7;2.38;3.2;2.6;2.25;3.2;2.8;2.3;3.2;2.8;2.3;3.1;2.75;1.75;1.95;;
D1;26-10-2002;Bayern Munich;Hannover;3;3;D;1;2;A;1.167;5.5;11;1.23;5.5;11;1.25;4.5;9;1.2;5;11;1.2;5.5;10;1.2;5.5;10;1.2;5;11;1.47;2.53;;
D1;26-10-2002;Bielefeld;Hamburg;2;1;H;1;0;H;2.1;3.2;3;2.15;3.3;3.3;2.1;3;3.1;2.1;3.2;3;2;3.2;3.3;2;3.2;3.3;2.1;3.2;3;1.7;1.9;;
D1;26-10-2002;Hertha;Leverkusen;1;1;D;1;0;H;2;3.2;3.2;2.02;3.25;3.32;2;3.1;3.2;1.91;3.25;3.4;2;3.25;3.25;2;3.25;3.25;2.1;3.1;3.1;1.7;2;;
D1;26-10-2002;M'gladbach;Munich 1860;0;1;A;0;0;D;2.1;3.2;3;2.12;3.25;3.2;2.1;3;3.1;2.1;3.2;3;2.1;3.2;3.1;2.1;3.2;3.1;2.1;3.1;3.1;1.7;2.1;;
D1;26-10-2002;Schalke 04;Nurnberg;1;1;D;0;1;A;1.4;3.75;7;1.44;3.9;7.45;1.35;4;7;1.4;3.75;7;1.4;3.75;7.5;1.4;3.75;7.5;1.4;3.6;7.5;1.6;2.1;;
D1;26-10-2002;Stuttgart;Cottbus;0;0;D;0;0;D;1.444;3.6;6.5;1.44;3.8;7.5;1.4;3.9;6;1.44;3.5;7;1.4;3.75;7.5;1.4;3.75;7.5;1.4;3.75;7;1.6;2.1;;
D1;26-10-2002;Werder Bremen;Dortmund;1;4;A;1;1;D;2.25;3.2;2.75;2.4;3.25;3;2.4;3;2.6;2.4;3.25;2.5;2.38;3.1;2.7;2.375;3.1;2.7;2.3;3.1;2.75;1.7;2;;
D1;27-10-2002;Wolfsburg;Hansa Rostock;1;0;H;1;0;H;1.8;3.3;3.75;1.83;3.3;4.2;1.8;3.1;3.8;1.83;3.2;3.75;1.8;3.25;4;1.8;3.25;4;1.72;3.25;4.2;1.7;1.97;;
D1;2-11-2002;Cottbus;Schalke 04;0;1;A;0;0;D;3.2;3.2;2;3.35;3.3;2.01;3.1;3;2.1;3.2;3.2;2;3.25;3.25;2;3.4;3.25;2;3.2;3.2;2;1.8;1.8;;
D1;2-11-2002;Dortmund;Hamburg;1;1;D;0;0;D;1.444;3.6;6.5;1.45;3.7;7;1.45;3.8;5.4;1.44;3.6;6.5;1.44;3.6;7;1.444;3.75;7;1.44;3.6;6.5;1.65;1.95;;
D1;2-11-2002;Hannover;Wolfsburg;3;1;H;2;0;H;2.3;3.2;2.625;2.3;3.3;2.75;2.2;3;2.9;2.38;3.2;2.6;2.2;3.25;2.8;2.3;3.2;2.8;2.4;3.1;2.6;1.65;1.95;;
D1;2-11-2002;Hansa Rostock;Kaiserslautern;2;2;D;1;1;D;2;3.2;3.2;2.01;3.3;3.35;2;3.1;3.2;1.91;3.2;3.5;2.1;3.25;3;2.1;3.2;3.2;2.1;3.1;3.1;1.9;1.7;;
D1;2-11-2002;Leverkusen;Stuttgart;0;1;A;0;1;A;1.667;3.4;4.333;1.76;3.3;4.4;1.7;3.2;4.2;1.73;3.2;4.33;1.67;3.4;4.5;1.7;3.4;4.5;1.66;3.3;4.5;1.65;1.95;;
D1;2-11-2002;Munich 1860;Bielefeld;3;1;H;3;1;H;1.667;3.3;4.5;1.66;3.45;4.85;1.65;3.3;4.4;1.57;3.5;5;1.67;3.4;4.5;1.667;3.4;4.75;1.61;3.3;5;1.65;1.95;;
D1;2-11-2002;Nurnberg;M'gladbach;2;1;H;2;0;H;2;3.2;3.2;2.1;3.3;3.1;2.2;3;2.9;2;3.2;3.2;2.1;3.25;3;2.1;3.2;3.2;2;3.2;3.2;1.75;1.85;;
D1;3-11-2002;Bochum;Hertha;3;0;H;0;0;D;2.5;3.1;2.5;2.65;3.15;2.45;2.5;3;2.5;2.5;3.25;2.4;2.5;3.2;2.5;2.5;3.25;2.5;2.37;3.1;2.62;1.7;1.9;;
D1;3-11-2002;Werder Bremen;Bayern Munich;2;0;H;1;0;H;2.625;3.2;2.3;2.85;3.25;2.25;2.7;3;2.3;2.88;3;2.25;2.8;3.25;2.2;2.8;3.2;2.3;2.8;3.1;2.25;1.65;1.95;;
D1;9-11-2002;Bayern Munich;Dortmund;2;1;H;0;1;A;1.83;3.2;3.75;1.95;3.36;4.06;1.8;3.1;3.8;1.8;3.25;3.75;1.83;3.25;3.75;1.85;3.3;3.8;1.83;3.2;3.75;1.85;1.93;;
D1;9-11-2002;Bielefeld;Nurnberg;0;1;A;0;0;D;1.83;3.2;3.75;1.91;3.45;3.81;2;3.1;3.2;1.91;3.2;3.5;1.83;3.25;3.75;1.85;3.3;3.8;1.9;3.2;3.5;1.75;2.01;;
D1;9-11-2002;Hamburg;Munich 1860;1;0;H;1;0;H;2.2;3.25;2.75;2.31;3.35;3.2;2;3.1;3.2;2.2;3.2;2.8;2.2;3.25;2.9;2.2;3.25;2.9;2.1;3.2;3;1.74;2.07;;
D1;9-11-2002;Kaiserslautern;Hannover;0;1;A;0;1;A;1.83;3.2;3.75;1.86;3.5;4.05;1.85;3.1;3.6;1.8;3.2;4;1.83;3.25;3.75;1.85;3.3;3.8;1.8;3.25;3.8;1.72;2.17;;
D1;9-11-2002;Schalke 04;Leverkusen;0;1;A;0;0;D;1.9;3.2;3.5;2;3.4;4;2.1;3;3.1;1.91;3.2;3.5;1.91;3.25;3.5;1.909;3.25;3.6;1.9;3.2;3.5;1.77;1.9;;
D1;9-11-2002;Stuttgart;Bochum;3;2;H;0;0;D;1.8;3.3;3.75;1.8;3.6;4.2;1.75;3.2;4;1.8;3.2;4;1.8;3.25;4;1.8;3.3;4;1.72;3.25;4.2;1.75;1.95;;
D1;9-11-2002;Wolfsburg;Werder Bremen;3;1;H;1;0;H;2.37;3.1;2.62;2.47;3.38;2.87;2.3;3;2.7;2.38;3.2;2.62;2.25;3.25;2.75;2.3;3.25;2.75;2.2;3.1;2.87;1.72;2.01;;
D1;10-11-2002;Hertha;Hansa Rostock;3;1;H;2;1;H;1.61;3.25;5;1.71;3.55;5.2;1.65;3.3;4.4;1.57;3.5;5;1.62;3.4;5;1.615;3.5;5;1.61;3.3;5;2.02;1.9;;
D1;10-11-2002;M'gladbach;Cottbus;3;0;H;3;0;H;1.61;3.25;5;1.66;3.54;5.25;1.6;3.4;4.6;1.62;3.25;5;1.62;3.4;5;1.615;3.4;5;1.61;3.3;5;1.77;1.95;;
D1;13-11-2002;Kaiserslautern;Bochum;0;2;A;0;2;A;2;3.2;3.2;2.08;3.5;3.46;1.9;3.1;3.5;2.1;3.2;3;2.1;3.25;3;2.1;3.25;3.1;2;3.2;3.2;1.81;1.97;;
D1;16-11-2002;Bayern Munich;Wolfsburg;1;0;H;1;0;H;1.4;3.6;7.5;1.4;4.05;8;1.35;4;7;1.4;3.75;7;1.36;4;7.5;1.364;4;7.5;1.4;3.6;7.5;1.5;2.25;1.57;2.25
D1;16-11-2002;Cottbus;Bielefeld;2;1;H;1;0;H;2.4;3.25;2.5;2.42;3.25;2.6;2.3;3;2.7;2.4;3.25;2.5;2.4;3.2;2.62;2.4;3.25;2.625;2.5;3.1;2.5;1.85;1.75;1.8;1.9
D1;16-11-2002;Dortmund;Munich 1860;1;0;H;1;0;H;1.571;3.5;5;1.66;3.45;5.3;1.55;3.5;4.8;1.53;3.5;5.5;1.62;3.4;5;1.615;3.3;5.5;1.61;3.3;5;1.65;1.95;1.72;2
D1;16-11-2002;Hannover;Hertha;0;1;A;0;1;A;2.4;3.25;2.5;2.5;3.25;2.52;2.5;3;2.5;2.4;3.25;2.5;2.5;3.2;2.5;2.5;3.25;2.5;2.4;3.1;2.6;1.65;1.95;1.72;2
D1;16-11-2002;Hansa Rostock;Stuttgart;1;1;D;1;0;H;2.5;3.25;2.4;2.5;3.25;2.5;2.3;3;2.7;2.5;3.25;2.4;2.5;3.2;2.5;2.5;3.25;2.5;2.5;3.1;2.5;1.75;1.85;1.8;1.9
D1;16-11-2002;Leverkusen;M'gladbach;2;2;D;1;1;D;1.571;3.5;5;1.55;3.7;5.3;1.55;3.5;4.8;1.53;3.5;5.5;1.53;3.6;5.5;1.533;3.6;5.5;1.57;3.5;5;1.7;1.9;1.66;2.1
D1;16-11-2002;Nurnberg;Hamburg;1;3;A;1;1;D;2;3.2;3.2;2.15;3.25;3.22;2.2;3;2.9;2;3.2;3.2;2;3.2;3.4;2;3.2;3.4;2;3;3.4;1.7;1.9;1.66;2.1
D1;17-11-2002;Bochum;Schalke 04;0;2;A;0;0;D;2.3;3.2;2.625;2.46;3.25;2.55;2.4;3;2.6;2.4;3.25;2.5;2.38;3.25;2.62;2.375;3.25;2.625;2.4;3.1;2.6;1.7;1.9;1.72;2
D1;17-11-2002;Werder Bremen;Kaiserslautern;5;3;H;1;2;A;1.571;3.5;5;1.55;3.65;5.32;1.6;3.4;4.6;1.53;3.5;5.5;1.53;3.4;6;1.533;3.5;6;1.57;3.5;5;1.65;1.95;1.66;2.1
D1;23-11-2002;Bielefeld;Leverkusen;2;2;D;1;1;D;2.6;3.2;2.375;2.86;3.3;2.3;2.7;3;2.3;2.75;3.2;2.25;;;;2.875;3.2;2.2;2.62;3.2;2.3;1.75;1.85;1.8;1.9
D1;23-11-2002;Hertha;Werder Bremen;0;1;A;0;1;A;1.909;3.2;3.5;1.97;3.3;3.7;1.9;3.1;3.3;1.91;3.25;3.4;;;;2;3.2;3.3;1.9;3.25;3.4;1.68;1.95;1.66;2.1
D1;23-11-2002;Kaiserslautern;Bayern Munich;0;2;A;0;2;A;4.333;3.2;1.727;4.25;3.37;1.8;3.6;3.1;1.85;4;3.4;1.73;;;;4.333;3.4;1.7;4.2;3.25;1.72;1.7;1.93;1.8;1.9
D1;23-11-2002;M'gladbach;Bochum;2;2;D;0;0;D;2;3.2;3.2;2.1;3.3;3.27;2.1;3;3.1;2.1;3.2;3;;;;2.1;3.25;3;2.1;3.2;3;1.65;1.95;1.66;2.1
D1;23-11-2002;Schalke 04;Hansa Rostock;2;2;D;2;0;H;1.444;3.6;6.5;1.5;3.8;6;1.45;3.8;5.4;1.53;3.5;5.5;;;;1.5;3.5;6;1.5;3.4;6;1.8;1.89;1.9;1.8
D1;23-11-2002;Stuttgart;Hannover;3;0;H;1;0;H;1.667;3.3;4.5;1.7;3.37;4.61;1.75;3.2;4;1.67;3.4;4.33;;;;1.667;3.4;4.5;1.57;3.5;5;1.65;1.97;1.66;2.1
D1;23-11-2002;Wolfsburg;Dortmund;2;0;H;1;0;H;2.5;3.25;2.4;2.6;3.3;2.5;2.5;3;2.5;2.5;3.25;2.4;;;;2.5;3.2;2.5;2.62;3.1;2.37;1.73;1.9;1.83;1.83
D1;24-11-2002;Hamburg;Cottbus;1;1;D;0;0;D;1.444;3.6;6.5;1.45;3.75;6.75;1.4;3.9;6;1.44;3.6;6.5;;;;1.444;3.75;6.5;1.44;3.6;6.5;1.65;2.01;1.72;2
D1;24-11-2002;Munich 1860;Nurnberg;2;2;D;1;2;A;1.727;3.2;4.333;1.68;3.6;4.85;1.75;3.2;4;1.67;3.4;4.33;;;;1.615;3.4;5;1.66;3.4;4.33;1.65;1.98;1.72;2
D1;30-11-2002;Bayern Munich;Hertha;2;0;H;1;0;H;1.533;3.4;5.5;1.55;3.55;6;1.55;3.5;4.8;1.44;3.75;6;1.5;3.5;6;1.5;3.6;6;1.5;3.4;6;1.6;2.05;1.57;2.25
D1;30-11-2002;Bochum;Bielefeld;0;3;A;0;1;A;1.727;3.2;4.333;1.7;3.36;4.75;1.7;3.2;4.2;1.67;3.25;4.5;1.7;3.4;4.33;1.7;3.4;4.333;1.66;3.3;4.5;1.6;2.05;1.66;2.1
D1;30-11-2002;Cottbus;Munich 1860;3;4;A;0;1;A;2.5;3.25;2.4;2.71;3.25;2.4;2.5;3;2.5;2.6;3.2;2.38;2.63;3.2;2.38;2.625;3.2;2.375;2.75;3.1;2.3;1.7;1.9;1.9;1.8
D1;30-11-2002;Hansa Rostock;M'gladbach;3;1;H;1;1;D;2;3.2;3.2;2.2;3.31;3;2;3.1;3.2;2.1;3.2;3;2.2;3.2;2.88;2.2;3.2;2.875;2.1;3.2;3;1.7;1.9;1.83;1.83
D1;30-11-2002;Kaiserslautern;Wolfsburg;2;0;H;1;0;H;2.4;3.25;2.5;2.45;3.25;2.71;2.4;3.2;2.4;2.5;3;2.6;2.38;3.2;2.63;2.375;3.2;2.625;2.6;3.1;2.4;1.8;1.8;1.8;1.9
D1;30-11-2002;Leverkusen;Hamburg;2;3;A;2;1;H;1.8;3.3;3.75;1.8;3.3;4.46;1.7;3.2;4.2;1.8;3.2;4;1.75;3.4;4;1.75;3.4;4;1.72;3.25;4.2;1.65;1.95;1.72;2
D1;30-11-2002;Nurnberg;Dortmund;1;2;A;1;0;H;2.75;3.25;2.2;3.5;3.31;2.15;3.2;3.1;2;3;3.2;2.1;3;3.25;2.1;3;3.25;2.1;3;3.2;2.1;1.7;1.9;1.72;2
D1;1-12-2002;Hannover;Schalke 04;0;2;A;0;2;A;2.625;3.1;2.375;2.65;3.25;2.46;2.5;3;2.5;2.6;3.2;2.38;2.6;3.2;2.4;2.6;3.2;2.4;2.62;3.1;2.37;1.8;1.8;1.66;2.1
D1;1-12-2002;Werder Bremen;Stuttgart;3;1;H;1;0;H;1.833;3.2;3.75;1.9;3.25;3.81;1.9;3.1;3.5;1.91;3.2;3.5;1.91;3.25;3.5;1.909;3.25;3.5;1.8;3.3;3.75;1.65;1.95;1.66;2.1
D1;7-12-2002;Bielefeld;Hansa Rostock;3;0;H;1;0;H;2;3.2;3.2;2;3.3;3.4;2;3.1;3.2;2;3.2;3.2;2.1;3.25;3;2;3.25;3.25;1.9;3.3;3.3;1.75;1.85;1.72;2
D1;7-12-2002;Dortmund;Kaiserslautern;3;1;H;1;1;D;1.4;3.75;7;1.45;4;7;1.4;3.9;6;1.4;3.75;7;1.4;3.75;7.5;1.4;3.75;7.5;1.4;3.75;7;1.7;1.9;1.83;1.83
D1;7-12-2002;Hertha;Wolfsburg;2;2;D;1;0;H;1.8;3.3;3.75;1.8;3.4;4.2;1.75;3.2;4;1.8;3.25;3.75;1.73;3.25;4.33;1.8;3.25;4;1.72;3.25;4.2;1.75;1.85;1.8;1.9
D1;7-12-2002;Munich 1860;Leverkusen;0;3;A;0;1;A;2.2;3.25;2.75;2.2;3.25;2.95;2.3;3;2.7;2.2;3.25;2.75;2;3.25;3.25;2.1;3.25;3;2;3.2;3.2;1.7;1.9;1.66;2.1
D1;7-12-2002;Nurnberg;Cottbus;2;2;D;1;1;D;1.667;3.25;4.5;1.72;3.5;4.7;1.65;3.3;4.4;1.73;3.4;4;1.62;3.4;5;1.7;3.4;4.333;1.66;3.3;4.5;1.65;1.95;1.72;2
D1;7-12-2002;Schalke 04;Werder Bremen;1;1;D;1;1;D;2;3.2;3.2;2;3.25;3.4;2;3.1;3.2;2;3.2;3.2;2;3.25;3.25;2;3.25;3.25;2;3.2;3.2;1.7;1.9;1.8;1.9
D1;7-12-2002;Stuttgart;Bayern Munich;0;3;A;0;2;A;2.75;3.25;2.2;2.8;3.3;2.27;3.1;3;2.1;2.8;3.2;2.2;2.75;3.25;2.25;2.875;3.2;2.2;2.87;3.1;2.2;1.7;1.9;1.8;1.9
D1;8-12-2002;Hamburg;Bochum;1;1;D;0;0;D;1.667;3.25;4.5;1.8;3.4;4.2;1.75;3.2;4;1.8;3.25;3.75;1.67;3.4;4.5;1.727;3.4;4.2;1.66;3.4;4.33;1.65;1.95;1.72;2
D1;8-12-2002;M'gladbach;Hannover;1;0;H;1;0;H;1.833;3.2;3.75;1.9;3.35;3.6;1.9;3.1;3.5;1.91;3.4;3.25;1.83;3.25;3.75;1.833;3.3;3.75;1.83;3.2;3.75;1.7;1.9;1.66;2.1
D1;14-12-2002;Bayern Munich;Schalke 04;0;0;D;0;0;D;1.5;3.4;6;1.5;3.65;7.1;1.55;3.5;4.8;1.5;3.4;6;1.5;3.5;6;1.5;3.5;6;1.5;3.4;6;1.65;1.95;1.66;2.1
D1;14-12-2002;Bochum;Munich 1860;1;1;D;0;1;A;2.2;3.25;2.75;2.2;3.25;2.95;2.2;3;2.9;2.2;3.25;2.75;2.2;3.25;2.8;2.2;3.25;2.8;2.25;3.2;2.75;1.7;1.9;1.72;2
D1;14-12-2002;Cottbus;Dortmund;0;4;A;0;1;A;4.333;3.2;1.727;4.4;3.4;1.74;4.4;3.3;1.65;4;3.4;1.73;4.2;3.4;1.73;4.2;3.4;1.727;4.33;3.4;1.66;1.75;1.85;1.8;1.9
D1;14-12-2002;Hannover;Bielefeld;0;0;D;0;0;D;2.1;3.2;3;2.2;3.27;3.5;1.9;3.1;3.5;2.1;3.2;3;2.1;3.2;3.1;2.1;3.2;3.1;2.2;3.2;2.8;1.55;2.15;1.72;2
D1;14-12-2002;Hansa Rostock;Hamburg;0;0;D;0;0;D;2.25;3.2;2.75;2.31;3.25;2.75;2.2;3;2.9;2.25;3.2;2.75;2.25;3.25;2.75;2.25;3.25;2.75;2.25;3.1;2.8;1.7;1.9;1.72;2
D1;14-12-2002;Leverkusen;Nurnberg;0;2;A;0;0;D;1.571;3.5;5;1.55;3.55;5.65;1.55;3.5;4.8;1.62;3.5;4.5;1.57;3.4;5.5;1.571;3.4;5.5;1.61;3.3;5;1.55;2.15;1.66;2.1
D1;14-12-2002;Werder Bremen;M'gladbach;2;0;H;1;0;H;1.5;3.4;6;1.54;3.55;6.05;1.55;3.5;4.8;1.5;3.4;6;1.5;3.5;6;1.5;3.5;6;1.44;3.6;6.5;1.6;2.05;1.66;2.1
D1;15-12-2002;Kaiserslautern;Hertha;2;1;H;1;0;H;2.4;3.25;2.5;2.5;3.25;2.6;2.4;3.2;2.4;2.4;3.25;2.5;2.5;3.2;2.5;2.5;3.2;2.5;2.6;3.1;2.4;1.75;1.85;1.8;1.9
D1;15-12-2002;Wolfsburg;Stuttgart;1;2;A;0;1;A;2;3.2;3.2;2;3.25;3.35;2;3.1;3.2;2;3.2;3.2;1.91;3.25;3.5;1.909;3.25;3.5;1.9;3.2;3.5;1.8;1.8;1.72;2
D1;25-1-2003;Bochum;Nurnberg;2;1;H;2;1;H;1.9;3.2;3.5;1.92;3.2;3.65;1.9;3.1;3.5;1.91;3.2;3.5;1.91;3.25;3.5;1.91;3.25;3.5;2.1;3.2;3;1.7;1.9;1.72;2
D1;25-1-2003;Hannover;Hamburg;2;2;D;1;0;H;2.5;3.2;2.4;2.45;3.2;2.6;2.4;3;2.6;2.6;3.2;2.38;2.5;3.2;2.5;2.5;3.2;2.5;2.4;3.25;2.5;1.7;1.9;1.72;2
D1;25-1-2003;Hansa Rostock;Munich 1860;1;4;A;0;3;A;2.3;3.2;2.62;2.3;3.2;2.78;2.2;3;2.9;2.38;3.2;2.6;2.38;3.2;2.62;2.38;3.2;2.62;2.3;3.2;2.62;1.8;1.8;1.83;1.83
D1;25-1-2003;Hertha;Dortmund;2;1;H;0;0;D;2.5;3.2;2.4;2.55;3.2;2.5;2.5;3;2.5;2.5;3.25;2.4;2.6;3.2;2.4;2.6;3.2;2.4;2.62;3.1;2.37;1.85;1.75;1.9;1.8
D1;25-1-2003;Kaiserslautern;Stuttgart;1;2;A;1;1;D;2.3;3.2;2.62;2.25;3.25;2.82;2.4;3;2.6;2.38;3.2;2.6;2.38;3.1;2.7;2.38;3.1;2.7;2.25;3.2;2.75;1.8;1.8;1.8;1.9
D1;25-1-2003;Werder Bremen;Bielefeld;2;2;D;2;2;D;1.44;3.6;6.5;1.45;3.8;6.6;1.45;3.8;5.4;1.44;3.6;6.5;1.44;3.6;7;1.44;3.6;7;1.4;3.75;7;1.55;2.1;1.61;2.2
D1;25-1-2003;Wolfsburg;Schalke 04;1;2;A;0;0;D;2.3;3.2;2.62;2.3;3.2;2.78;2.3;3;2.7;2.38;3.2;2.6;2.3;3.1;2.8;2.3;3.1;2.8;2.25;3.2;2.75;1.85;1.75;1.83;1.83
D1;26-1-2003;Bayern Munich;M'gladbach;3;0;H;1;0;H;1.25;4.5;10;1.25;4.8;10.35;1.3;4.2;8;1.25;4.5;10;1.25;5;8.5;1.25;5;9;1.25;4.5;10;1.5;2.2;1.66;2.1
D1;26-1-2003;Leverkusen;Cottbus;0;3;A;0;2;A;1.4;3.75;7;1.38;4.25;7;1.3;4.2;8;1.44;3.5;7;1.4;3.75;7.5;1.4;3.75;7.5;1.44;3.6;6.5;1.6;2;1.61;2.2
D1;1-2-2003;Bielefeld;Bayern Munich;0;0;D;0;0;D;4;3.4;1.72;4.6;3.35;1.7;3.8;3.1;1.8;4;3.4;1.73;4.33;3.25;1.73;4.33;3.25;1.73;4.5;3.3;1.66;1.6;2.1;1.8;1.9
D1;1-2-2003;Cottbus;Bochum;2;1;H;1;0;H;2.4;3.25;2.5;2.45;3.2;2.6;2.5;3;2.5;2.38;3.2;2.6;2.5;3.2;2.5;2.5;3.2;2.5;2.5;3.25;2.4;1.7;1.9;1.83;1.83
D1;1-2-2003;Munich 1860;Hannover;0;1;A;0;1;A;1.61;3.25;5;1.65;3.4;4.9;1.7;3.2;4.2;1.57;3.5;5;1.57;3.4;5.5;1.57;3.4;5.5;1.61;3.3;5;1.65;2;1.72;2
D1;1-2-2003;Nurnberg;Hansa Rostock;0;1;A;0;1;A;1.9;3.25;3.4;1.95;3.25;3.5;2;3.1;3.2;1.91;3.25;3.4;1.91;3.25;3.5;1.91;3.25;3.5;1.9;3.25;3.4;1.7;1.9;1.83;1.83
D1;1-2-2003;Schalke 04;Kaiserslautern;2;2;D;1;1;D;1.53;3.4;5.5;1.5;3.7;5.95;1.5;3.5;5.4;1.44;3.6;6.5;1.5;3.6;6;1.5;3.6;6;1.44;3.6;6.5;1.7;1.9;1.8;1.9
D1;1-2-2003;Stuttgart;Hertha;3;1;H;1;0;H;1.9;3.25;3.4;2;3.3;3.3;2.1;3;3.1;1.91;3.25;3.4;2.1;3.25;3;2.1;3.25;3;2;3.2;3.2;1.7;1.9;1.83;1.83
D1;2-2-2003;Dortmund;Leverkusen;2;0;H;2;0;H;1.61;3.25;5;1.65;3.4;4.9;1.75;3.2;4;1.62;3.5;4.5;1.6;3.5;5;1.6;3.5;5;1.57;3.5;5;1.7;1.9;1.8;1.9
D1;2-2-2003;Hamburg;Werder Bremen;1;0;H;0;0;D;2.3;3.2;2.62;2.3;3.2;2.8;2.3;3;2.7;2.2;3.2;2.8;2.38;3.2;2.62;2.38;3.2;2.62;2.37;3;2.7;1.7;1.9;1.66;2.1
D1;8-2-2003;Bochum;Leverkusen;2;1;H;0;0;D;2.2;3.25;2.75;2.3;3.2;2.8;2.3;3;2.7;2.25;3.2;2.75;2.2;3.25;2.8;2.2;3.25;2.8;2.25;3.2;2.75;1.65;1.95;1.66;2.1
D1;8-2-2003;Hannover;Nurnberg;4;2;H;3;1;H;2;3.2;3.2;2.05;3.2;3.35;1.85;3.1;3.6;2;3.2;3.2;2;3.25;3.25;2;3.25;3.25;2;3.2;3.2;1.7;1.9;1.66;2.1
D1;8-2-2003;Hansa Rostock;Cottbus;0;0;D;0;0;D;1.8;3.25;3.75;1.9;3.3;3.7;1.8;3.1;3.8;1.83;3.2;3.75;1.83;3.25;3.75;1.833;3.25;3.8;1.9;3.25;3.4;1.7;1.9;1.72;2
D1;8-2-2003;Hertha;Schalke 04;4;2;H;2;1;H;2.3;3.2;2.625;2.35;3.2;2.8;2.2;2.9;3;2.25;3.2;2.75;2.25;3.2;2.8;2.25;3.2;2.8;2.25;3.3;2.62;1.75;1.85;1.83;1.83
D1;8-2-2003;Kaiserslautern;M'gladbach;2;0;H;1;0;H;1.833;3.25;3.75;1.85;3.3;3.85;1.75;3.2;4;1.83;3.2;3.75;1.91;3.25;3.5;1.909;3.25;3.5;1.9;3.2;3.5;1.75;1.85;1.83;1.83
D1;8-2-2003;Werder Bremen;Munich 1860;1;2;A;1;0;H;1.727;3.2;4.333;1.75;3.3;4.35;1.75;3.2;4;1.67;3.4;4.33;1.67;3.4;4.5;1.667;3.4;4.5;1.72;3.25;4.2;1.6;2.05;1.61;2.2
D1;8-2-2003;Wolfsburg;Bielefeld;2;0;H;1;0;H;1.909;3.2;3.5;1.85;3.3;3.9;1.75;3.2;4;1.91;3.2;3.5;1.83;3.25;3.75;1.85;3.25;3.75;1.83;3.3;3.6;1.7;1.9;1.72;2
D1;9-2-2003;Bayern Munich;Hamburg;1;1;D;1;0;H;1.4;3.75;7;1.4;4;7.5;1.45;3.8;5.4;1.4;3.5;8;1.4;3.75;7.5;1.4;3.75;7.5;1.4;3.75;7;1.65;1.95;1.66;2.1
D1;9-2-2003;Stuttgart;Dortmund;1;0;H;0;0;D;2.25;3.2;2.75;2.45;3.2;2.65;2.3;2.9;2.8;2.25;3.2;2.75;2.3;3.1;2.8;2.3;3.1;2.8;2.3;3.2;2.62;1.75;1.85;1.8;1.9
D1;15-2-2003;Bielefeld;Kaiserslautern;1;1;D;1;1;D;2;3.2;3.2;2.1;3.15;3.3;2.1;3;3.1;2;3.2;3.2;1.91;3.2;3.6;1.909;3.2;3.6;2;3.2;3.2;1.7;1.9;1.8;1.9
D1;15-2-2003;Dortmund;Bochum;4;1;H;3;1;H;1.5;3.4;6;1.55;3.5;6;1.55;3.5;4.8;1.5;3.4;6;1.5;3.5;6;1.5;3.5;6;1.53;3.4;5.5;1.65;1.95;1.72;2
D1;15-2-2003;Hamburg;Wolfsburg;2;0;H;1;0;H;1.727;3.2;4.333;1.85;3.25;4;1.9;3.1;3.5;1.67;3.4;4.33;1.67;3.4;4.5;1.667;3.4;4.5;1.72;3.2;4.33;1.7;1.9;1.8;1.9
D1;15-2-2003;Leverkusen;Hansa Rostock;1;2;A;1;2;A;1.833;3.2;3.75;1.8;3.4;4;1.65;3.3;4.4;1.8;3.25;3.75;1.8;3.4;3.75;1.8;3.4;3.75;1.8;3.3;3.75;1.7;1.9;1.8;1.9
D1;15-2-2003;Munich 1860;Bayern Munich;0;5;A;0;0;D;4.333;3.2;1.727;4.85;3.5;1.65;4.4;3.3;1.65;4.33;3.4;1.67;5;3.4;1.62;5;3.4;1.615;5;3.3;1.61;1.6;2.05;1.8;1.9
D1;15-2-2003;Nurnberg;Werder Bremen;1;0;H;1;0;H;2.625;3.2;2.3;2.85;3.2;2.3;2.7;3;2.3;2.6;3.2;2.38;2.7;3.2;2.3;2.7;3.2;2.3;2.62;3.2;2.3;1.6;2.05;1.72;2
D1;15-2-2003;Schalke 04;Stuttgart;2;0;H;2;0;H;2.1;3.2;3;2.1;3.15;3.3;2.1;3;3.1;2;3.2;3.2;2.1;3.1;3.2;2.1;3.1;3.2;2.1;3.2;3;1.65;1.95;1.8;1.9
D1;16-2-2003;Cottbus;Hannover;3;0;H;0;0;D;2.2;3;3;2.25;3.2;2.9;2.2;3;2.9;2.2;3.2;2.8;2.25;3.2;2.8;2.25;3.2;2.8;2.2;3.2;2.8;1.7;1.9;1.66;2.1
D1;16-2-2003;M'gladbach;Hertha;0;2;A;0;2;A;2.4;3.25;2.5;2.5;3.2;2.55;2.5;3;2.5;2.4;3.25;2.5;2.5;3.2;2.5;2.5;3.2;2.5;2.4;3.25;2.5;1.75;1.85;1.83;1.83
D1;19-2-2003;M'gladbach;Wolfsburg;2;0;H;1;0;H;2.2;3.25;2.75;2.2;3.2;3;2.2;3;2.9;2.1;3.2;3;;;;2.2;3.2;2.875;2.3;3.2;2.62;1.85;1.75;1.83;1.83
D1;22-2-2003;Bayern Munich;Nurnberg;2;0;H;1;0;H;1.222;5;9;1.31;4.75;8;1.3;4.2;8;1.25;4.5;10;1.25;4.5;10;1.25;4.5;10;1.25;4.5;10;1.5;2.25;1.61;2.2
D1;22-2-2003;Hannover;Leverkusen;1;2;A;1;0;H;2.375;3.1;2.625;2.45;3.2;2.65;2.5;3;2.5;2.38;3.2;2.6;2.38;3.2;2.6;2.375;3.2;2.6;2.25;3.25;2.7;1.65;1.95;1.72;2
D1;22-2-2003;Hansa Rostock;Bochum;1;1;D;1;0;H;2.1;3.2;3;2.15;3.25;3.1;2;3.1;3.2;2.1;3.2;3;2.1;3.2;3.1;2.1;3.2;3.1;2;3.2;3.2;1.7;1.9;1.8;1.9
D1;22-2-2003;Kaiserslautern;Hamburg;2;0;H;0;0;D;2.3;3.2;2.625;2.35;3.25;2.75;2.1;3;3.1;2.38;3.2;2.6;2.38;3.2;2.6;2.375;3.2;2.6;2.37;3.1;2.62;1.7;1.9;1.8;1.9
D1;22-2-2003;Schalke 04;Dortmund;2;2;D;2;0;H;2.25;3.2;2.75;2.42;3.1;2.75;2.3;2.9;2.8;2.25;3.2;2.75;2.25;3.2;2.8;2.25;3.2;2.8;2.37;3;2.7;1.75;1.85;1.9;1.8
D1;22-2-2003;Werder Bremen;Cottbus;0;1;A;0;1;A;1.533;3.4;5.5;1.57;3.7;5.1;1.6;3.4;4.6;1.53;3.5;5.5;1.5;3.5;6;1.5;3.5;6;1.57;3.5;5;1.6;2.05;1.66;2.1
D1;22-2-2003;Wolfsburg;Munich 1860;1;1;D;0;0;D;2.2;3.2;2.8;2.22;3.2;2.95;2.2;3;2.9;2.1;3.2;3;2.2;3.25;2.8;2.2;3.25;2.8;2.1;3.2;3;1.65;1.95;1.72;2
D1;23-2-2003;Hertha;Bielefeld;0;0;D;0;0;D;1.571;3.5;5;1.6;3.45;5.35;1.55;3.5;4.8;1.53;3.5;5.5;1.57;3.6;5;1.571;3.6;5;1.57;3.5;5;1.6;2.05;1.72;2
D1;23-2-2003;Stuttgart;M'gladbach;4;0;H;2;0;H;1.444;3.75;6;1.55;3.65;5.5;1.55;3.5;4.8;1.44;3.6;6.5;1.5;3.5;6;1.5;3.5;6;1.44;3.75;6;1.65;1.95;1.8;1.9
D1;1-3-2003;Bochum;Hannover;1;2;A;0;2;A;1.8;3.3;3.75;1.9;3.3;3.7;1.9;3.1;3.5;1.8;3.25;3.75;1.83;3.25;3.75;1.833;3.25;3.75;1.8;3.3;3.75;1.65;1.95;1.66;2.1
D1;1-3-2003;Cottbus;Bayern Munich;0;2;A;0;1;A;4.5;3.3;1.667;4.45;3.5;1.7;3.8;3.1;1.8;4.33;3.2;1.73;4.5;3.4;1.67;4.5;3.4;1.667;4;3.4;1.72;1.65;1.95;1.72;2
D1;1-3-2003;Dortmund;Hansa Rostock;2;0;H;1;0;H;1.444;3.6;6.5;1.5;3.75;6;1.45;3.8;5.4;1.44;3.75;6;1.44;3.75;6.5;1.444;3.75;6.5;1.44;3.6;6.5;1.7;1.9;1.72;2
D1;1-3-2003;Leverkusen;Werder Bremen;3;0;H;1;0;H;2.2;3.25;2.75;2.3;3.25;2.8;2.1;3;3.1;2.2;3.25;2.75;2.25;3.25;2.75;2.25;3.2;2.8;2.25;3.2;2.75;1.7;1.9;1.72;2
D1;1-3-2003;M'gladbach;Schalke 04;2;2;D;0;1;A;2.75;3.2;2.25;2.75;3.25;2.35;2.7;3;2.3;2.75;3.2;2.25;2.7;3.2;2.3;2.7;3.2;2.3;2.62;3.2;2.3;1.8;1.8;1.83;1.83
D1;1-3-2003;Munich 1860;Kaiserslautern;0;0;D;0;0;D;1.909;3.25;3.4;2.05;3.2;3.35;2.2;3;2.9;1.91;3.25;3.4;1.91;3.25;3.5;1.909;3.25;3.5;1.9;3.25;3.4;1.7;1.9;1.66;2.1
D1;1-3-2003;Nurnberg;Wolfsburg;1;1;D;1;0;H;1.909;3.25;3.4;1.85;3.5;3.65;1.9;3.1;3.5;1.8;3.25;3.75;2;3.25;3.25;1.909;3.25;3.5;1.9;3.25;3.4;1.75;1.85;1.72;2
D1;2-3-2003;Bielefeld;Stuttgart;0;1;A;0;1;A;2.5;3.1;2.5;2.5;3.25;2.55;2.5;3;2.5;2.5;3.25;2.4;2.5;3.2;2.5;2.5;3.2;2.5;2.5;3.1;2.5;1.75;1.85;1.83;1.83
D1;2-3-2003;Hamburg;Hertha;1;0;H;0;0;D;2;3.2;3.2;2.05;3.2;3.35;2.1;3;3.1;2;3.2;3.2;2;3.25;3.25;2;3.25;3.25;2.1;3.1;3.1;1.75;1.85;1.9;1.8
D1;8-3-2003;Bayern Munich;Leverkusen;3;0;H;2;0;H;1.364;4;7;1.45;3.9;6.5;1.35;4;7;1.36;4;7;1.36;4;7.5;1.364;4;7.5;1.36;3.75;8;1.65;2.1;1.72;2
D1;8-3-2003;Hertha;Munich 1860;6;0;H;3;0;H;1.909;3.25;3.4;1.93;3.3;3.6;1.8;3.1;3.8;1.8;3.25;3.75;1.83;3.25;3.75;1.85;3.25;3.75;1.8;3.3;3.75;1.75;1.95;1.8;1.9
D1;8-3-2003;M'gladbach;Dortmund;1;0;H;0;0;D;2.75;3.25;2.2;2.9;3.2;2.25;2.7;3;2.3;3;3.2;2.1;2.88;3.2;2.2;2.875;3.2;2.2;3;3.2;2.1;1.75;1.95;1.83;1.83
D1;8-3-2003;Schalke 04;Bielefeld;1;1;D;0;0;D;1.533;3.4;5.5;1.55;3.5;5.8;1.5;3.7;5;1.44;3.75;6;1.53;3.6;5.5;1.533;3.6;5.5;1.53;3.4;5.5;1.7;2;1.8;1.9
D1;8-3-2003;Stuttgart;Hamburg;1;1;D;1;1;D;1.727;3.2;4.333;1.85;3.3;3.85;1.8;3.1;3.8;1.8;3.25;3.75;1.83;3.25;3.75;1.833;3.3;3.75;1.8;3.3;3.75;1.75;1.95;1.72;2
D1;8-3-2003;Werder Bremen;Bochum;2;0;H;0;0;D;1.727;3.4;4;1.8;3.4;4;1.8;3.1;3.8;1.8;3.25;3.75;1.83;3.25;3.75;1.833;3.25;3.75;1.83;3.3;3.6;1.7;2;1.66;2.1
D1;8-3-2003;Wolfsburg;Cottbus;3;2;H;2;2;D;1.833;3.2;3.75;1.85;3.4;3.7;1.75;3.2;4;1.91;3.25;3.4;1.8;3.25;4;1.8;3.25;4;1.9;3.25;3.4;1.85;1.85;1.83;1.83
D1;9-3-2003;Hannover;Hansa Rostock;3;1;H;2;1;H;2.2;3.25;2.75;2.25;3.2;2.9;2.2;3;2.9;2.2;3.2;2.8;2.2;3.2;2.88;2.2;3.2;2.875;2.2;3.1;2.87;1.75;1.95;1.72;2
D1;9-3-2003;Kaiserslautern;Nurnberg;5;0;H;2;0;H;1.727;3.2;4.333;1.7;3.4;4.5;1.6;3.4;4.6;1.73;3.4;4;1.73;3.4;4;1.75;3.4;4;1.66;3.3;4.5;1.7;2;1.8;1.9
D1;15-3-2003;Bielefeld;M'gladbach;4;1;H;1;0;H;1.9;3.25;3.4;2;3.25;3.45;2.1;3;3.1;1.91;3.25;3.4;2;3.25;3.3;2;3.2;3.3;1.9;3.25;3.4;1.75;1.85;1.83;1.83
D1;15-3-2003;Bochum;Bayern Munich;1;4;A;0;2;A;4.5;3.5;1.61;4.75;3.5;1.66;3.6;3.1;1.85;4.33;3.4;1.67;4.5;3.4;1.67;4.5;3.4;1.67;4.5;3.3;1.66;1.6;2.05;1.66;2.1
D1;15-3-2003;Cottbus;Kaiserslautern;1;3;A;1;1;D;2.3;3.2;2.62;2.55;3.3;2.5;2.5;3;2.5;2.4;3.25;2.5;2.38;3.25;2.6;2.5;3.2;2.5;2.5;3.25;2.4;1.65;1.95;1.8;1.9
D1;15-3-2003;Dortmund;Hannover;2;0;H;1;0;H;1.44;3.6;6.5;1.47;3.75;6.6;1.45;3.8;5.4;1.44;3.6;6.5;1.44;3.75;6.5;1.44;3.75;6.5;1.44;3.6;6.5;1.6;2.05;1.72;2
D1;15-3-2003;Hamburg;Schalke 04;3;1;H;1;0;H;2.1;3.2;3;2.15;3.15;3.15;2;3.1;3.2;2.1;3.2;3;2.1;3.25;3;2.1;3.25;3;2;3.2;3.2;1.7;1.9;1.83;1.83
D1;15-3-2003;Hansa Rostock;Werder Bremen;1;0;H;0;0;D;2.3;3.2;2.62;2.4;3.2;2.7;2.3;3;2.7;2.38;3.2;2.6;2.3;3.2;2.7;2.3;3.2;2.7;2.3;3.2;2.62;1.75;1.85;1.83;1.83
D1;15-3-2003;Leverkusen;Wolfsburg;1;1;D;0;0;D;1.83;3.2;3.75;1.8;3.3;4.2;1.75;3.2;4;1.8;3.2;4;1.8;3.4;3.75;1.73;3.4;4.2;1.72;3.4;4;1.7;1.9;1.72;2
D1;16-3-2003;Munich 1860;Stuttgart;0;1;A;0;1;A;2.5;3.1;2.5;2.5;3.25;2.55;2.4;3;2.6;2.4;3.25;2.5;2.5;3.2;2.5;2.5;3.2;2.5;2.4;3.25;2.5;1.65;1.95;1.8;1.9
D1;16-3-2003;Nurnberg;Hertha;0;3;A;0;2;A;2.62;3.2;2.3;2.75;3.25;2.35;2.9;3;2.2;2.75;3.2;2.25;2.75;3.25;2.25;2.75;3.25;2.25;2.5;3.25;2.4;1.7;1.9;1.83;1.83
D1;22-3-2003;Bayern Munich;Hansa Rostock;1;0;H;0;0;D;1.222;5;9;1.26;5;9;1.25;4.5;9;1.29;4.5;8;1.25;5;8.5;1.25;5;9;1.22;5;9.5;1.5;2.25;1.72;2
D1;22-3-2003;Bielefeld;Dortmund;0;0;D;0;0;D;2.75;3.2;2.25;2.95;3.25;2.2;2.7;3;2.3;2.75;3.25;2.2;2.88;3.2;2.2;2.875;3.2;2.2;2.8;3.2;2.2;1.7;1.95;1.8;1.9
D1;22-3-2003;Kaiserslautern;Leverkusen;1;0;H;1;0;H;1.8;3.25;3.75;1.95;3.25;3.5;1.9;3.1;3.5;1.91;3.25;3.4;1.91;3.25;3.5;1.909;3.25;3.5;1.83;3.3;3.6;1.65;2;1.72;2
D1;22-3-2003;M'gladbach;Hamburg;2;0;H;0;0;D;2.375;3.25;2.5;2.4;3.15;2.7;2.4;3;2.6;2.4;3.25;2.5;2.38;3.2;2.62;2.3;3.2;2.7;2.4;3.25;2.5;1.75;1.9;1.8;1.9
D1;22-3-2003;Schalke 04;Munich 1860;1;1;D;1;1;D;1.667;3.4;4.333;1.7;3.3;4.7;1.7;3.2;4.2;1.73;3.5;3.75;1.8;3.2;4;1.8;3.2;4;1.83;3.3;3.6;1.65;2;1.8;1.9
D1;22-3-2003;Werder Bremen;Hannover;1;2;A;1;1;D;1.8;3.25;3.75;1.95;3.3;3.4;2;3.1;3.2;1.8;3.25;3.75;1.8;3.2;4;1.85;3.25;3.75;1.83;3.3;3.6;1.65;2;1.66;2.1
D1;22-3-2003;Wolfsburg;Bochum;2;0;H;2;0;H;1.727;3.2;4.333;1.75;3.3;4.35;1.75;3.2;4;1.73;3.4;4;1.73;3.25;4.33;1.7;3.25;4.5;1.72;3.25;4.2;1.65;2;1.72;2
D1;23-3-2003;Hertha;Cottbus;3;1;H;0;1;A;1.4;3.75;7;1.45;3.85;6.5;1.45;3.8;5.4;1.44;3.6;6.5;1.44;3.75;6.5;1.444;3.75;6.5;1.5;3.4;6;1.6;2.05;1.66;2.1
D1;23-3-2003;Stuttgart;Nurnberg;0;2;A;0;1;A;1.4;3.75;7;1.4;4;7.1;1.35;4;7;1.4;3.75;7;1.36;4;7.5;1.364;4;7.5;1.4;3.75;7;1.6;2.05;1.72;2
D1;5-4-2003;Bochum;Kaiserslautern;1;1;D;0;0;D;2.4;3.25;2.5;2.5;3.25;2.5;2.5;3;2.5;2.5;3.25;2.4;2.5;3.2;2.5;2.5;3.2;2.5;2.5;3.1;2.5;1.65;2.1;1.72;2
D1;5-4-2003;Cottbus;Stuttgart;2;3;A;1;1;D;2.75;3.2;2.25;3.05;3.3;2.1;3.1;3;2.1;2.8;3.2;2.2;2.88;3.2;2.2;2.875;3.2;2.2;2.8;3.2;2.2;1.75;1.95;1.83;1.83
D1;5-4-2003;Dortmund;Werder Bremen;1;2;A;1;0;H;1.533;3.4;5.5;1.55;3.5;5.6;1.55;3.5;4.8;1.5;3.4;6;1.5;3.5;6;1.5;3.5;6;1.5;3.4;6;1.65;2.1;1.8;1.9
D1;5-4-2003;Hamburg;Bielefeld;1;0;H;1;0;H;1.571;3.5;5;1.6;3.4;5.4;1.55;3.5;4.8;1.533;3.4;5.5;1.57;3.4;5.5;1.571;3.4;5.5;1.53;3.4;5.5;1.7;2;1.8;1.9
D1;5-4-2003;Hannover;Bayern Munich;2;2;D;2;0;H;4.5;3.3;1.667;4.4;3.4;1.7;3.5;3.1;1.9;4.5;3.25;1.667;3.75;3.25;1.83;3.75;3.25;1.833;5;3.3;1.61;1.65;2.1;1.72;2
D1;5-4-2003;Leverkusen;Hertha;4;1;H;3;0;H;2.3;3.2;2.625;2.35;3.25;2.65;2.2;3;2.9;2.375;3.2;2.6;2.38;3.2;2.63;2.375;3.25;2.6;2.4;3.25;2.5;1.7;2;1.8;1.9
D1;5-4-2003;Nurnberg;Schalke 04;0;0;D;0;0;D;2.5;3.25;2.4;2.75;3.2;2.35;2.7;3;2.3;2.5;3.25;2.4;2.5;3.2;2.5;2.5;3.2;2.5;2.62;3.2;2.3;1.7;2;1.8;1.9
D1;6-4-2003;Hansa Rostock;Wolfsburg;1;0;H;1;0;H;2.2;3.2;2.8;2.2;3.2;2.95;2.2;3;2.9;2.1;3.2;3;2.2;3.25;2.8;2.2;3.25;2.8;2.2;3.2;2.8;1.9;1.8;1.9;1.8
D1;6-4-2003;Munich 1860;M'gladbach;2;0;H;0;0;D;1.8;3.1;4;1.8;3.3;4.1;1.7;3.2;4.2;1.8;3.25;3.75;1.73;3.25;4.33;1.75;3.25;4.2;1.72;3.25;4.2;1.7;2;1.8;1.9
D1;12-4-2003;Bayern Munich;Werder Bremen;0;1;A;0;1;A;1.4;3.75;7;1.4;4;7.3;1.5;3.7;5;1.4;3.75;7;1.4;3.75;7.5;1.4;3.75;7.5;1.4;3.6;7.5;1.6;2.05;;
D1;12-4-2003;Bielefeld;Munich 1860;2;1;H;2;1;H;2.2;3.25;2.75;2.2;3.2;3;2.2;3;2.9;2.2;3.2;2.8;;;;2.2;3.2;2.875;2.25;3.2;2.75;1.75;1.85;;
D1;12-4-2003;Hamburg;Dortmund;1;1;D;0;0;D;2.25;3.2;2.75;2.4;3.2;2.7;2.3;3;2.7;2.25;3.2;2.75;2.3;3.2;2.7;2.3;3.2;2.7;2.25;3.2;2.75;1.75;1.85;;
D1;12-4-2003;Hertha;Bochum;1;0;H;0;0;D;1.533;3.4;5.5;1.5;3.7;6.1;1.5;3.7;5;1.5;3.4;6;1.5;3.5;6;1.5;3.5;6;1.5;3.4;6;1.6;2.05;;
D1;12-4-2003;Kaiserslautern;Hansa Rostock;1;0;H;0;0;D;1.667;3.25;4.5;1.7;3.4;4.6;1.7;3.2;4.2;1.615;3.25;5;1.67;3.4;4.5;1.667;3.4;4.5;1.66;3.3;4.5;1.7;1.9;;
D1;12-4-2003;M'gladbach;Nurnberg;2;0;H;1;0;H;1.909;3.2;3.5;1.9;3.3;3.7;1.75;3.2;4;1.909;3.2;3.5;1.83;3.25;3.75;1.833;3.25;3.75;1.9;3.2;3.5;1.75;1.85;;
D1;12-4-2003;Stuttgart;Leverkusen;3;0;H;2;0;H;1.8;3.25;3.75;1.85;3.4;3.75;1.85;3.1;3.6;1.8;3.25;3.75;1.8;3.4;3.75;1.8;3.4;3.75;1.8;3.3;3.75;1.65;1.95;;
D1;13-4-2003;Schalke 04;Cottbus;3;0;H;1;0;H;1.533;3.4;5.5;1.45;3.8;6.8;1.35;4;7;1.444;3.75;6;1.44;3.75;6.5;1.444;3.75;6.5;1.44;3.5;7;1.6;2.05;;
D1;13-4-2003;Wolfsburg;Hannover;1;0;H;0;0;D;1.909;3.25;3.4;1.95;3.3;3.5;2.1;3;3.1;1.909;3.2;3.5;1.91;3.25;3.5;1.909;3.25;3.5;1.9;3.3;3.3;1.7;1.9;;
D1;19-4-2003;Cottbus;M'gladbach;1;1;D;1;0;H;2.375;3.25;2.5;2.42;3.3;2.6;2.3;3;2.7;2.4;3.25;2.5;2.4;3.3;2.5;2.4;3.3;2.5;2.3;3.2;2.62;1.7;1.9;1.83;1.83
D1;19-4-2003;Dortmund;Bayern Munich;1;0;H;0;0;D;2.4;3.25;2.5;2.47;3.3;2.52;2.3;3;2.7;2.5;3.2;2.5;2.4;3.2;2.6;2.4;3.2;2.6;2.4;3.1;2.6;1.8;1.8;1.83;1.83
D1;19-4-2003;Hannover;Kaiserslautern;2;1;H;0;1;A;2.375;3.25;2.5;2.45;3.3;2.55;2.2;3;2.9;2.5;2.875;2.625;2.4;3.2;2.6;2.4;3.2;2.6;2.37;3.3;2.5;1.7;1.9;1.8;1.9
D1;19-4-2003;Hansa Rostock;Hertha;0;1;A;0;0;D;2.5;3.1;2.5;2.5;3.3;2.5;2.7;3;2.3;2.5;3.25;2.4;2.5;3.2;2.5;2.5;3.2;2.5;2.5;3.1;2.5;1.75;1.85;1.9;1.8
D1;19-4-2003;Munich 1860;Hamburg;1;1;D;1;0;H;2.25;3.2;2.75;2.27;3.25;2.82;2.3;3;2.7;2.25;3.2;2.75;2.3;3.2;2.7;2.3;3.2;2.7;2.2;3.2;2.8;1.7;1.9;1.83;1.83
D1;19-4-2003;Nurnberg;Bielefeld;0;0;D;0;0;D;2.2;3.25;2.75;2.1;3.4;3;2;3.1;3.2;2.1;3.2;3;2.2;3.2;2.88;2.2;3.2;2.875;2.1;3.1;3.1;1.7;1.9;1.9;1.8
D1;19-4-2003;Werder Bremen;Wolfsburg;0;1;A;0;0;D;1.727;3.1;4.5;1.75;3.4;4.2;1.75;3.2;4;1.667;3.25;4.5;1.73;3.2;4.5;1.727;3.2;4.5;1.8;3.3;3.75;1.7;1.9;1.8;1.9
D1;20-4-2003;Bochum;Stuttgart;3;1;H;1;1;D;2.75;3.25;2.2;2.85;3.25;2.25;2.7;3;2.3;2.75;3.25;2.2;2.8;3.25;2.2;2.8;3.25;2.2;2.8;3.2;2.2;1.6;2.05;1.8;1.9
D1;20-4-2003;Leverkusen;Schalke 04;1;3;A;1;1;D;2.25;3.2;2.75;2.37;3.2;2.72;2.2;3;2.9;2.375;3.2;2.625;2.3;3.25;2.7;2.3;3.25;2.7;2.37;3.1;2.62;1.65;1.95;1.8;1.9
D1;26-4-2003;Hamburg;Nurnberg;4;0;H;2;0;H;1.5;3.4;6;1.51;3.7;6;1.4;3.9;6;1.444;3.6;6.5;1.5;3.5;6;1.444;3.75;6.5;1.5;3.4;6;1.6;2.05;1.8;2
D1;26-4-2003;Hertha;Hannover;2;0;H;2;0;H;1.571;3.5;5;1.6;3.6;5;1.55;3.5;4.8;1.571;3.5;5;1.57;3.5;5;1.571;3.6;5;1.57;3.5;5;1.55;2.12;1.7;2.1
D1;26-4-2003;M'gladbach;Leverkusen;2;2;D;1;1;D;2.25;3.2;2.75;2.35;3.25;2.7;2.3;3;2.7;2.2;3.25;2.75;2.25;3.25;2.75;2.25;3.25;2.75;2.2;3.2;2.8;1.75;1.85;1.85;1.95
D1;26-4-2003;Munich 1860;Dortmund;0;0;D;0;0;D;2.625;3.2;2.3;2.9;3.25;2.2;2.7;3;2.3;2.75;3.2;2.25;2.7;3.2;2.3;2.7;3.25;2.3;2.62;3.2;2.3;1.75;1.85;1.85;1.95
D1;26-4-2003;Schalke 04;Bochum;1;2;A;1;1;D;1.571;3.5;5;1.52;3.6;6;1.55;3.5;4.8;1.5;3.4;6;1.53;3.6;5.5;1.533;3.6;5.5;1.53;3.4;5.5;1.6;2.05;1.75;2.05
D1;26-4-2003;Stuttgart;Hansa Rostock;1;1;D;1;0;H;1.533;3.4;5.5;1.5;3.7;6;1.55;3.5;4.8;1.5;3.4;6;1.44;3.75;6.5;1.444;3.75;6.5;1.53;3.4;5.5;1.6;2.05;1.9;1.9
D1;26-4-2003;Wolfsburg;Bayern Munich;0;2;A;0;0;D;2.75;3.2;2.25;3.05;3.2;2.15;3;2.9;2.2;3;3.2;2.1;2.88;3.2;2.2;2.9;3.2;2.2;3;3.2;2.1;1.65;1.95;1.9;1.9
D1;27-4-2003;Bielefeld;Cottbus;2;2;D;0;2;A;1.571;3.5;5;1.55;3.6;5.6;1.45;3.8;5.4;1.5;3.4;6;1.53;3.5;5.5;1.533;3.6;5.5;1.57;3.5;5;1.55;2.12;1.8;2
D1;27-4-2003;Kaiserslautern;Werder Bremen;1;0;H;0;0;D;2.1;3.2;3;2.05;3.25;3.25;1.9;3.1;3.5;2;3.2;3.2;2.1;3.25;3;2;3.25;3.25;2;3.2;3.2;1.7;1.9;1.9;1.9
D1;3-5-2003;Bayern Munich;Kaiserslautern;1;0;H;0;0;D;1.5;3.6;5.5;1.52;3.7;5.7;1.6;3.4;4.6;1.5;3.6;5.5;1.57;3.4;5.5;1.571;3.4;5.5;1.53;3.4;5.5;1.6;2.1;1.8;1.9
D1;3-5-2003;Bochum;M'gladbach;1;1;D;1;1;D;1.909;3.1;3.6;2;3.15;3.5;2;2.8;3.6;2;3;3.4;2;3.1;3.4;2;3.1;3.4;2;3.2;3.2;1.75;1.9;1.72;2
D1;3-5-2003;Cottbus;Hamburg;0;0;D;0;0;D;3.2;3.2;2;3.45;3.4;1.92;3.6;3.3;1.8;3.25;3.4;1.909;3.4;3.4;1.91;3.4;3.4;1.909;3.1;3.3;2;1.7;1.95;1.8;1.9
D1;3-5-2003;Dortmund;Wolfsburg;2;2;D;1;0;H;1.444;3.75;6;1.4;4;7.2;1.35;4;7;1.4;3.75;7;1.4;3.75;7.5;1.4;3.75;7.5;1.4;3.75;7;1.65;2;1.8;1.9
D1;3-5-2003;Hannover;Stuttgart;1;2;A;0;2;A;2.5;3.25;2.4;2.55;3.3;2.45;2.5;3;2.5;2.4;3.25;2.5;2.6;3.25;2.38;2.6;3.25;2.375;2.62;3.1;2.37;1.6;2.1;1.72;2
D1;3-5-2003;Nurnberg;Munich 1860;1;2;A;1;0;H;2.1;3.4;2.8;2;3.45;3.2;1.85;3.4;3.3;2.1;3.4;2.875;2.1;3.4;2.88;2.1;3.4;2.875;2.1;3.4;2.8;1.7;1.95;1.83;1.83
D1;3-5-2003;Werder Bremen;Hertha;4;2;H;3;1;H;2.3;3.2;2.625;2.4;3.25;2.65;2.4;3;2.6;2.375;3.2;2.6;2.38;3.25;2.6;2.375;3.25;2.6;2.4;3.25;2.5;1.7;1.95;1.8;1.9
D1;4-5-2003;Hansa Rostock;Schalke 04;3;1;H;0;1;A;2.4;3.25;2.5;2.55;3.15;2.55;2.5;3;2.5;2.5;3.25;2.4;2.5;3.3;2.4;2.5;3.3;2.4;2.5;3.1;2.5;1.8;1.85;1.9;1.8
D1;4-5-2003;Leverkusen;Bielefeld;3;1;H;1;1;D;1.667;3.3;4.5;1.6;3.6;5;1.7;3.2;4.2;1.667;3.4;4.333;1.67;3.4;4.5;1.667;3.4;4.5;1.66;3.3;4.5;1.65;2;1.72;2
D1;10-5-2003;Dortmund;Nurnberg;4;1;H;1;0;H;1.333;4;8;1.3;4.7;8.5;1.25;4.5;9;1.286;4.5;8;1.3;4.5;8;1.3;4.5;8;1.33;4.2;7.5;1.63;2.1;1.72;2
D1;10-5-2003;Hamburg;Leverkusen;4;1;H;1;0;H;1.8;3.5;3.5;1.95;3.3;3.5;2;3.1;3.2;1.909;3.2;3.5;1.8;3.5;3.6;1.833;3.5;3.5;1.72;3.4;4;1.7;2;1.72;2
D1;10-5-2003;Hertha;Bayern Munich;3;6;A;1;5;A;2.1;3.4;2.8;2.1;3.4;3;2;3.2;3.1;2.1;3.4;2.875;2.1;3.4;2.88;2.1;3.4;2.875;2.1;3.3;2.87;1.7;2;1.72;2
D1;10-5-2003;M'gladbach;Hansa Rostock;3;0;H;1;0;H;1.909;3.1;3.6;1.91;3.15;3.85;1.9;3;3.6;1.909;3.2;3.5;1.91;3.1;3.75;1.909;3.1;3.75;1.9;3.1;3.6;1.75;1.95;1.9;1.8
D1;10-5-2003;Munich 1860;Cottbus;3;0;H;2;0;H;1.533;3.4;5.5;1.5;3.75;6;1.5;3.5;5.4;1.444;3.75;6;1.44;3.75;6.5;1.444;3.75;6.5;1.44;3.75;6;1.6;2.15;1.72;2
D1;10-5-2003;Stuttgart;Werder Bremen;0;1;A;0;0;D;1.727;3.4;4;1.78;3.4;4.1;1.75;3.2;4;1.8;3.25;3.75;1.73;3.4;4;1.75;3.4;4;1.72;3.4;4;1.65;2.05;1.8;1.9
D1;10-5-2003;Wolfsburg;Kaiserslautern;2;2;D;1;1;D;2;3.2;3.2;2.15;3.25;3.05;2.2;2.8;3.1;2.1;3.4;2.875;2.1;3.25;3;2.1;3.25;3;2;3.1;3.3;1.7;2;1.83;1.83
D1;11-5-2003;Bielefeld;Bochum;1;3;A;1;1;D;2;3.2;3.2;1.98;3.05;3.7;2;2.9;3.4;2;3;3.4;2;3;3.5;2;3;3.5;2.1;3;3.2;1.7;1.9;1.8;1.9
D1;11-5-2003;Schalke 04;Hannover;0;2;A;0;0;D;1.667;3.4;4.333;1.67;3.5;4.58;1.6;3.4;4.6;1.667;3.4;4.333;1.67;3.5;4.33;1.667;3.5;4.333;1.66;3.4;4.33;1.65;2.05;1.72;2
D1;17-5-2003;Bayern Munich;Stuttgart;2;1;H;0;0;D;1.8;3.5;3.5;1.83;3.45;3.5;1.75;3.3;3.8;1.73;3.4;4;1.8;3.4;3.75;1.8;3.4;3.75;1.72;3.25;4.2;1.65;1.95;;
D1;17-5-2003;Bochum;Hamburg;1;1;D;1;0;H;2.63;3.2;2.3;2.8;3.3;2.25;2.7;3.2;2.2;2.63;3.4;2.25;2.63;3.4;2.25;2.63;3.4;2.25;2.8;3.2;2.2;1.6;2.05;;
D1;17-5-2003;Cottbus;Nurnberg;2;1;H;1;1;D;2.2;3;3;2.15;3.3;3;2;3.2;3.1;2.25;3.2;2.75;2.2;3.25;2.8;2.63;3.25;2.8;2.2;3.2;2.8;1.55;2.15;;
D1;17-5-2003;Hannover;M'gladbach;2;2;D;1;0;H;2;2.88;3.6;2.1;2.82;3.65;2;2.5;4;2.1;2.75;3.5;2.1;2.8;3.5;2.1;2.8;3.5;2.1;2.6;3.75;1.75;1.85;;
D1;17-5-2003;Hansa Rostock;Bielefeld;3;0;H;1;0;H;1.91;3;3.75;1.9;3.05;4;1.9;2.7;4.2;1.83;3.2;3.75;;;;1.91;2.9;4;2;2.75;3.8;1.8;1.8;;
D1;17-5-2003;Kaiserslautern;Dortmund;0;0;D;0;0;D;2.63;2.88;2.5;2.6;2.9;2.55;2.6;2.8;2.6;2.63;2.88;2.5;2.7;2.88;2.5;2.7;2.88;2.5;2.9;2.9;2.3;1.75;1.85;;
D1;17-5-2003;Leverkusen;Munich 1860;3;0;H;2;0;H;1.57;3.5;5;1.55;3.65;5;1.5;3.7;5;1.57;3.5;5;1.57;3.6;5;1.57;3.6;5;1.53;3.6;5;1.65;1.95;;
D1;17-5-2003;Werder Bremen;Schalke 04;2;1;H;1;1;D;1.83;3.2;3.75;1.85;3.35;3.75;1.75;3.3;3.8;1.83;3.2;3.75;1.8;3.25;4;1.8;3.25;4;1.8;3.3;3.75;1.65;2;;
D1;17-5-2003;Wolfsburg;Hertha;2;0;H;1;0;H;2.4;3.25;2.5;2.6;3.3;2.4;2.4;3.2;2.4;2.5;3.25;2.4;2.5;3.2;2.5;2.5;3.2;2.5;2.5;3.25;2.4;1.7;1.9;;
D1;24-5-2003;Bielefeld;Hannover;0;1;A;0;0;D;1.615;3.5;4.5;1.55;3.75;5;1.45;3.8;5.4;1.571;3.5;5;;;;1.533;3.75;5;1.61;3.5;4.5;1.5;2.25;;
D1;24-5-2003;Dortmund;Cottbus;1;1;D;1;0;H;1.125;6.5;12;1.14;6.5;12;1.15;6;12;1.143;5.5;15;1.14;6;13;1.143;6;13;1.14;6;12;1.5;2.25;;
D1;24-5-2003;Hamburg;Hansa Rostock;2;0;H;1;0;H;1.286;4.5;8;1.27;5;8;1.25;4.5;9;1.286;4.5;8;1.3;4.33;8.5;1.3;4.333;8.5;1.33;4.33;7;1.55;2.15;;
D1;24-5-2003;Hertha;Kaiserslautern;2;0;H;1;0;H;1.4;3.75;7;1.37;4;7.5;1.4;3.9;6;1.4;3.75;7;1.36;4;7.5;1.364;4;7.5;1.44;3.75;6;1.6;2.05;;
D1;24-5-2003;M'gladbach;Werder Bremen;4;1;H;0;0;D;2.625;3.1;2.375;2.7;2.9;2.5;2.3;3.2;2.5;2.75;3.2;2.25;2.63;3.1;2.4;2.625;3.1;2.4;2.62;2.9;2.5;1.65;1.95;;
D1;24-5-2003;Munich 1860;Bochum;2;4;A;1;1;D;1.8;3.3;3.75;1.75;3.4;4;1.7;3.2;4.2;1.8;3.25;3.75;1.8;3.5;3.75;1.8;3.4;3.75;1.66;3.5;4.2;1.5;2.25;;
D1;24-5-2003;Nurnberg;Leverkusen;0;1;A;0;1;A;;;;5.75;4.25;1.42;4.4;3.7;1.55;6;3.75;1.444;6.5;4.33;1.36;6.5;4.333;1.364;6;4.5;1.36;;;;
D1;24-5-2003;Schalke 04;Bayern Munich;1;0;H;1;0;H;2.25;3.4;2.6;2.45;3.2;2.55;2.3;3.2;2.5;2.4;3.25;2.5;2.38;3.4;2.5;2.375;3.4;2.5;2.62;3.1;2.37;1.65;1.95;;
D1;24-5-2003;Stuttgart;Wolfsburg;2;0;H;2;0;H;1.5;3.6;5.5;1.45;3.85;6;1.55;3.5;4.8;1.5;3.4;6;1.5;3.5;6;1.5;3.5;6;1.53;3.25;6;1.6;2.05;;
